item,item_label,twitter
http://www.wikidata.org/entity/Q10668,Fitz Hall,
http://www.wikidata.org/entity/Q10709,Fernando Forestieri,
http://www.wikidata.org/entity/Q10711,Manuel Almunia,
http://www.wikidata.org/entity/Q10715,Lee Hodson,
http://www.wikidata.org/entity/Q10718,John Eustace,
http://www.wikidata.org/entity/Q10720,Neuton,
http://www.wikidata.org/entity/Q10723,Mark Yeates,
http://www.wikidata.org/entity/Q10724,Jonathan Hogg,
http://www.wikidata.org/entity/Q10725,Troy Deeney,t_deeney
http://www.wikidata.org/entity/Q10725,Troy Deeney,T_Deeney
http://www.wikidata.org/entity/Q10726,Chris Iwelumo,
http://www.wikidata.org/entity/Q10727,Steve Leo Beleck,
http://www.wikidata.org/entity/Q10729,Stephen McGinn,
http://www.wikidata.org/entity/Q10730,Sean Murray,
http://www.wikidata.org/entity/Q10732,Daniel Pudil,
http://www.wikidata.org/entity/Q10733,Prince Buaben,
http://www.wikidata.org/entity/Q10735,Matěj Vydra,vydra_92
http://www.wikidata.org/entity/Q10736,Ikechi Anya,
http://www.wikidata.org/entity/Q10754,Almen Abdi,
http://www.wikidata.org/entity/Q10758,Marco Cassetti,
http://www.wikidata.org/entity/Q10761,Connor Smith,
http://www.wikidata.org/entity/Q10764,Jonathan Bond,
http://www.wikidata.org/entity/Q10767,Tommie Hoban,
http://www.wikidata.org/entity/Q10772,Alex Geijo,
http://www.wikidata.org/entity/Q10781,Geoffrey Mujangi Bia,
http://www.wikidata.org/entity/Q10785,Cristian Battocchio,
http://www.wikidata.org/entity/Q10788,Nathaniel Chalobah,chalobah
http://www.wikidata.org/entity/Q10792,Joel Ekstrand,
http://www.wikidata.org/entity/Q10796,Jean-Alain Fanchone,
http://www.wikidata.org/entity/Q10857,Rachel Brown,
http://www.wikidata.org/entity/Q10860,Siobhan Chamberlain,Sio_Chamberlain
http://www.wikidata.org/entity/Q10861,Hope Powell,
http://www.wikidata.org/entity/Q10864,Karen Bardsley,klbardsley
http://www.wikidata.org/entity/Q10868,Casey Stoney,CaseyStoney
http://www.wikidata.org/entity/Q10869,Rachel Unitt,
http://www.wikidata.org/entity/Q10871,Steph Houghton,stephhoughton2
http://www.wikidata.org/entity/Q10875,Laura Bassett,laurabassett6
http://www.wikidata.org/entity/Q10878,Dunia Susi,
http://www.wikidata.org/entity/Q10879,Sophie Bradley-Auckland,
http://www.wikidata.org/entity/Q10881,Claire Rafferty,clrafferty1
http://www.wikidata.org/entity/Q10883,Rachel Yankey,
http://www.wikidata.org/entity/Q10885,Fara Williams,fara_williams47
http://www.wikidata.org/entity/Q10889,Karen Carney,karenjcarney
http://www.wikidata.org/entity/Q10896,Jill Scott,JillScottJS8
http://www.wikidata.org/entity/Q10902,Anita Asante,
http://www.wikidata.org/entity/Q10905,Eniola Aluko,enialu
http://www.wikidata.org/entity/Q10905,Eniola Aluko,EniAlu
http://www.wikidata.org/entity/Q10911,Ellen White,ellsbells89
http://www.wikidata.org/entity/Q10914,Rachel Williams,
http://www.wikidata.org/entity/Q10916,Toni Duggan,toniduggan
http://www.wikidata.org/entity/Q10916,Toni Duggan,ToniDuggan
http://www.wikidata.org/entity/Q10917,Faye White,faye_white
http://www.wikidata.org/entity/Q10918,Katie Chapman,chapmans17
http://www.wikidata.org/entity/Q11571,Cristiano Ronaldo,Cristiano
http://www.wikidata.org/entity/Q11576,Raúl González Blanco,RaulGonzalez
http://www.wikidata.org/entity/Q11584,Iker Casillas,IkerCasillas
http://www.wikidata.org/entity/Q11931,Tim Matavž,
http://www.wikidata.org/entity/Q11944,Orlando Engelaar,
http://www.wikidata.org/entity/Q11946,Menno Koch,
http://www.wikidata.org/entity/Q11948,Michael Ballack,
http://www.wikidata.org/entity/Q11949,Dick Advocaat,
http://www.wikidata.org/entity/Q11950,Boy Waterman,
http://www.wikidata.org/entity/Q11954,Dries Mertens,dries_mertens14
http://www.wikidata.org/entity/Q11956,Ola Toivonen,OlaToivonen20
http://www.wikidata.org/entity/Q11958,Phillip Cocu,
http://www.wikidata.org/entity/Q11966,Bafétimbi Gomis,BafGomis
http://www.wikidata.org/entity/Q12160,Rémi Garde,
http://www.wikidata.org/entity/Q12897,Pelé,Pele
http://www.wikidata.org/entity/Q12984,Stephan El Shaarawy,OfficialEl92
http://www.wikidata.org/entity/Q13002,Paul Gascoigne,
http://www.wikidata.org/entity/Q13054,Steed Malbranque,
http://www.wikidata.org/entity/Q13055,Rémy Vercoutre,
http://www.wikidata.org/entity/Q13057,Mathieu Gorgelin,
http://www.wikidata.org/entity/Q13304,Mouhamadou Dabo,
http://www.wikidata.org/entity/Q13306,Alexandre Lacazette,LacazetteAlex
http://www.wikidata.org/entity/Q13308,Samuel Umtiti,samumtiti
http://www.wikidata.org/entity/Q13309,Sidy Koné,
http://www.wikidata.org/entity/Q13488,Grégory Coupet,
http://www.wikidata.org/entity/Q13494,Jean-Pierre Papin,
http://www.wikidata.org/entity/Q13501,Hani Al-Dhabit,
http://www.wikidata.org/entity/Q13563,Ernst Schybergson,
http://www.wikidata.org/entity/Q14063,Herman Brusselmans,
http://www.wikidata.org/entity/Q14135,Ri Kwang-chon,
http://www.wikidata.org/entity/Q15077,Patricio Escobal,
http://www.wikidata.org/entity/Q15149,Óscar Tabárez,
http://www.wikidata.org/entity/Q15199,Jack Wilshere,jackwilshere
http://www.wikidata.org/entity/Q15199,Jack Wilshere,JackWilshere
http://www.wikidata.org/entity/Q15772,Markus Weinzierl,
http://www.wikidata.org/entity/Q15802,Daniel Passarella,
http://www.wikidata.org/entity/Q16783,Fernando César de Souza,
http://www.wikidata.org/entity/Q16794,Ralf Schmitt,
http://www.wikidata.org/entity/Q17158,Carles Puyol,Carles5puyol
http://www.wikidata.org/entity/Q17163,Johan Cruyff,
http://www.wikidata.org/entity/Q17490,Jean Marie Dongou,
http://www.wikidata.org/entity/Q17491,Jean Armel Kana Biyik,
http://www.wikidata.org/entity/Q17492,Jonathan two Santos,jona2santos
http://www.wikidata.org/entity/Q17493,Thiago Alcântara,Thiago6
http://www.wikidata.org/entity/Q17499,Cesc Fàbregas,cesc4official
http://www.wikidata.org/entity/Q17500,Xavi Hernández,
http://www.wikidata.org/entity/Q17507,Gerard Piqué,3gerardpique
http://www.wikidata.org/entity/Q27754,Eduard Oriol,
http://www.wikidata.org/entity/Q27755,Toni Doblas,
http://www.wikidata.org/entity/Q27756,Raúl Goni,
http://www.wikidata.org/entity/Q27767,José María Movilla,
http://www.wikidata.org/entity/Q27768,Felipe Saad,
http://www.wikidata.org/entity/Q27770,Sylvain Marchal,
http://www.wikidata.org/entity/Q27772,Eduardo Ribeiro dos Santos,
http://www.wikidata.org/entity/Q27777,Álvaro Rubio,
http://www.wikidata.org/entity/Q27787,Johan Cavalli,
http://www.wikidata.org/entity/Q27789,Yannick Cahuzac,
http://www.wikidata.org/entity/Q27791,François Marque,
http://www.wikidata.org/entity/Q27794,Wahbi Khazri,
http://www.wikidata.org/entity/Q27795,Macedo Novaes,
http://www.wikidata.org/entity/Q27800,Fousséni Diawara,foussenidiawara
http://www.wikidata.org/entity/Q27805,Arnaud Maire,
http://www.wikidata.org/entity/Q27808,Jérémy Choplin,
http://www.wikidata.org/entity/Q27812,Matthieu Sans,
http://www.wikidata.org/entity/Q27819,Julian Palmieri,
http://www.wikidata.org/entity/Q27822,Paul Lasne,
http://www.wikidata.org/entity/Q27824,Olivier Vannucci,
http://www.wikidata.org/entity/Q27833,José María Martín Bejarano-Serrano,
http://www.wikidata.org/entity/Q27836,Frédéric Sammaritano,
http://www.wikidata.org/entity/Q27839,Alex Dupont,
http://www.wikidata.org/entity/Q27843,Christophe Vincent,
http://www.wikidata.org/entity/Q27845,Salim Moizini,
http://www.wikidata.org/entity/Q27847,Vsevolod Konkin,
http://www.wikidata.org/entity/Q27849,Vitali Kolomiytsev,
http://www.wikidata.org/entity/Q27852,Ilan Araújo Dall'Igna,
http://www.wikidata.org/entity/Q27854,David Oberhauser,
http://www.wikidata.org/entity/Q27856,Anthony Lippini,
http://www.wikidata.org/entity/Q27857,Pavel Korchagin,
http://www.wikidata.org/entity/Q27865,Gaëtan Varenne,
http://www.wikidata.org/entity/Q27873,Joseph Barbato,
http://www.wikidata.org/entity/Q27876,Víctor Pérez Alonso,
http://www.wikidata.org/entity/Q27886,Landry Bonnefoi,BonnefoiLandry
http://www.wikidata.org/entity/Q27889,Mikel Balenziaga,
http://www.wikidata.org/entity/Q28239,Gonzalo Castro,
http://www.wikidata.org/entity/Q28704,Kim Ho-kon,
http://www.wikidata.org/entity/Q28705,James Kwesi Appiah,
http://www.wikidata.org/entity/Q28740,Ian Porterfield,
http://www.wikidata.org/entity/Q28801,Yu Hai,
http://www.wikidata.org/entity/Q28966,Tomislav Kiš,
http://www.wikidata.org/entity/Q29062,Iulian Filipescu,
http://www.wikidata.org/entity/Q29097,Renato Dirnei Florêncio,
http://www.wikidata.org/entity/Q29162,Tomáš Rosický,
http://www.wikidata.org/entity/Q29339,Maniche,
http://www.wikidata.org/entity/Q29454,Sylvain Marveaux,
http://www.wikidata.org/entity/Q29456,Michael Johnson,
http://www.wikidata.org/entity/Q29467,Christian Vargas,
http://www.wikidata.org/entity/Q29491,Chris Smalling,chrissmalling
http://www.wikidata.org/entity/Q29491,Chris Smalling,ChrisSmalling
http://www.wikidata.org/entity/Q29495,Jonny Evans,
http://www.wikidata.org/entity/Q29497,Carl Jenkinson,
http://www.wikidata.org/entity/Q29516,Theo Walcott,theowalcott
http://www.wikidata.org/entity/Q29566,Michael Carrick,carras16
http://www.wikidata.org/entity/Q29582,Milan Jovanić,
http://www.wikidata.org/entity/Q29586,Ricardo Alberto Frione,
http://www.wikidata.org/entity/Q29611,Wesley John,
http://www.wikidata.org/entity/Q29649,Cicinho,
http://www.wikidata.org/entity/Q29667,Brandon McDonald,
http://www.wikidata.org/entity/Q29693,Hassan Mila Sesay,
http://www.wikidata.org/entity/Q29708,Graham Zusi,gzusi
http://www.wikidata.org/entity/Q29738,Rod Thomas,
http://www.wikidata.org/entity/Q29763,Carlos Romero,
http://www.wikidata.org/entity/Q29776,Edgardo González,
http://www.wikidata.org/entity/Q29849,Nikita Kayusov,
http://www.wikidata.org/entity/Q29850,Yevgeni Kartusha,
http://www.wikidata.org/entity/Q29851,Aleksey Gorshkov,
http://www.wikidata.org/entity/Q30518,Fred Keenor,
http://www.wikidata.org/entity/Q31099,Fulgencio Berdugo,
http://www.wikidata.org/entity/Q31287,Ivo Ulich,
http://www.wikidata.org/entity/Q31370,Pavel Černý,
http://www.wikidata.org/entity/Q31376,Ivan Hašek,
http://www.wikidata.org/entity/Q31377,Pavel Horváth,
http://www.wikidata.org/entity/Q31432,Mikhail Kostyukov,
http://www.wikidata.org/entity/Q31435,Alexander Kotov,
http://www.wikidata.org/entity/Q31441,Artyom Kozlov,
http://www.wikidata.org/entity/Q31442,Emiliano Sala,emilianosala1
http://www.wikidata.org/entity/Q31442,Emiliano Sala,EmilianoSala1
http://www.wikidata.org/entity/Q31443,Hadi Sacko,
http://www.wikidata.org/entity/Q31446,Artyom Kozikhin,
http://www.wikidata.org/entity/Q31449,Roman Kosyanchuk,
http://www.wikidata.org/entity/Q31504,Simone Bacciocchi,
http://www.wikidata.org/entity/Q31564,Hakan Balta,Hbalta_22
http://www.wikidata.org/entity/Q31575,Marcelo Bielsa,
http://www.wikidata.org/entity/Q31664,Reto Ziegler,
http://www.wikidata.org/entity/Q31682,Florian Marange,
http://www.wikidata.org/entity/Q31684,Nicolas Maurice-Belay,
http://www.wikidata.org/entity/Q31735,Vladimir Kozhevnikov,
http://www.wikidata.org/entity/Q31742,Yegor Kostryukhin,
http://www.wikidata.org/entity/Q31744,Cheick Diabaté,
http://www.wikidata.org/entity/Q31757,Abdou Traoré,
http://www.wikidata.org/entity/Q31760,Jussiê Ferreira Vieira,
http://www.wikidata.org/entity/Q31763,Kévin Olimpa,
http://www.wikidata.org/entity/Q31766,Mariano Ferreira Filho,
http://www.wikidata.org/entity/Q31775,Yoan Gouffran,
http://www.wikidata.org/entity/Q31777,Matthieu Chalmé,
http://www.wikidata.org/entity/Q31783,Grégory Sertic,
http://www.wikidata.org/entity/Q31792,Landry Nguémo,landry_nguemo
http://www.wikidata.org/entity/Q31803,Lamine Sané,
http://www.wikidata.org/entity/Q354,Piet Kraak,
http://www.wikidata.org/entity/Q379,František Plánička,
http://www.wikidata.org/entity/Q615,Lionel Messi,fundacionmessi
http://www.wikidata.org/entity/Q624,Alessandro Del Piero,delpieroale
http://www.wikidata.org/entity/Q1634,Adriaan Paulen,
http://www.wikidata.org/entity/Q1835,Zinedine Zidane,
http://www.wikidata.org/entity/Q1839,Laurent Blanc,
http://www.wikidata.org/entity/Q1879,Corentin Martins,
http://www.wikidata.org/entity/Q1883,Sabri Lamouchi,
http://www.wikidata.org/entity/Q1885,Jürgen Locadia,locadiaofficial
http://www.wikidata.org/entity/Q1894,Memphis Depay,Memphis
http://www.wikidata.org/entity/Q1894,Memphis Depay,memphis
http://www.wikidata.org/entity/Q1907,Hugo Lloris,
http://www.wikidata.org/entity/Q1908,Mathieu Debuchy,MatDebuchy
http://www.wikidata.org/entity/Q1909,Adil Rami,
http://www.wikidata.org/entity/Q1910,Yohan Cabaye,YCabayeofficiel
http://www.wikidata.org/entity/Q1911,Olivier Giroud,_OlivierGiroud_
http://www.wikidata.org/entity/Q1912,Karim Benzema,Benzema
http://www.wikidata.org/entity/Q1913,Florent Malouda,
http://www.wikidata.org/entity/Q1915,Laurent Koscielny,6_LKOSCIELNY
http://www.wikidata.org/entity/Q1916,Patrice Evra,Evra
http://www.wikidata.org/entity/Q1917,Philippe Mexès,
http://www.wikidata.org/entity/Q1918,Franck Ribéry,FranckRibery
http://www.wikidata.org/entity/Q1919,Mathieu Valbuena,MathieuVal8
http://www.wikidata.org/entity/Q1920,Samir Nasri,SamNasri19
http://www.wikidata.org/entity/Q1921,Blaise Matuidi,MATUIDIBlaise
http://www.wikidata.org/entity/Q1922,Anthony Réveillère,
http://www.wikidata.org/entity/Q1923,Jérémy Ménez,jeremy_menez187
http://www.wikidata.org/entity/Q1924,Steve Mandanda,SteveMandanda
http://www.wikidata.org/entity/Q1925,Yann M'Vila,yannmvilafr
http://www.wikidata.org/entity/Q1926,Alou Diarra,
http://www.wikidata.org/entity/Q1927,Marvin Martin,
http://www.wikidata.org/entity/Q1928,Hatem Ben Arfa,
http://www.wikidata.org/entity/Q1929,Gaël Clichy,
http://www.wikidata.org/entity/Q1931,Cédric Carrasso,
http://www.wikidata.org/entity/Q1934,Sidney Govou,GovouSidney
http://www.wikidata.org/entity/Q1935,Eric Abidal,
http://www.wikidata.org/entity/Q1936,Djibril Cissé,djibrilcisse
http://www.wikidata.org/entity/Q1937,William Gallas,
http://www.wikidata.org/entity/Q1938,Bacary Sagna,Sagnaofficial
http://www.wikidata.org/entity/Q1939,Nicolas Anelka,anelkaofficiel
http://www.wikidata.org/entity/Q1940,André-Pierre Gignac,10APG
http://www.wikidata.org/entity/Q1942,Sébastien Squillaci,
http://www.wikidata.org/entity/Q1943,Abou Diaby,AbouVDIABY
http://www.wikidata.org/entity/Q1944,Jérémy Toulalan,
http://www.wikidata.org/entity/Q2339,Robin van Persie,Persie_Official
http://www.wikidata.org/entity/Q3250,Tom Biss,
http://www.wikidata.org/entity/Q3606,Emil Rilke,
http://www.wikidata.org/entity/Q3677,Dennis Lawrence,
http://www.wikidata.org/entity/Q3722,C.K. Vineeth,
http://www.wikidata.org/entity/Q4124,Franciszek Smuda,
http://www.wikidata.org/entity/Q4142,T-killah,t_killah
http://www.wikidata.org/entity/Q4142,T-killah,T_KILLAH
http://www.wikidata.org/entity/Q4232,Bernard Lacombe,
http://www.wikidata.org/entity/Q4237,Fleury Di Nallo,
http://www.wikidata.org/entity/Q4240,Serge Chiesa,
http://www.wikidata.org/entity/Q4261,Michel Platini,
http://www.wikidata.org/entity/Q4457,Franz Beckenbauer,beckenbauer
http://www.wikidata.org/entity/Q4462,Joachim Löw,
http://www.wikidata.org/entity/Q4573,Sean Connery,
http://www.wikidata.org/entity/Q4599,Raúl Albiol,R_Albiol
http://www.wikidata.org/entity/Q4691,Andre de Kruijff,
http://www.wikidata.org/entity/Q4732,Yassine Benzia,
http://www.wikidata.org/entity/Q4740,Júnior César Moreira da Cunha,
http://www.wikidata.org/entity/Q4757,Yves Mariot,
http://www.wikidata.org/entity/Q4790,Michele Pellizzer,
http://www.wikidata.org/entity/Q4876,Jan de Kreek,
http://www.wikidata.org/entity/Q5024,Abel Xavier,
http://www.wikidata.org/entity/Q5117,Eugen Polanski,
http://www.wikidata.org/entity/Q6817,Daniel Rosin,
http://www.wikidata.org/entity/Q7085,Niels Bohr,
http://www.wikidata.org/entity/Q9354,Gianfranco Zola,
http://www.wikidata.org/entity/Q9486,Graham Taylor,
http://www.wikidata.org/entity/Q9675,Kelly Smith,kelly_smith10
http://www.wikidata.org/entity/Q10131,Francisco Varallo,
http://www.wikidata.org/entity/Q10520,David Beckham,
http://www.wikidata.org/entity/Q10524,Ryan Giggs,RyanGiggs_cc
http://www.wikidata.org/entity/Q10531,Luther Blissett,
http://www.wikidata.org/entity/Q10543,Tommy Mooney,
http://www.wikidata.org/entity/Q10548,Nigel Gibbs,
http://www.wikidata.org/entity/Q10552,Robert Page,
http://www.wikidata.org/entity/Q10556,Heiðar Helguson,
http://www.wikidata.org/entity/Q10560,Freddie Ljungberg,
http://www.wikidata.org/entity/Q10569,Danny Graham,
http://www.wikidata.org/entity/Q10572,Adrian Mariappa,
http://www.wikidata.org/entity/Q10577,Tom Cleverley,tomclevz23
http://www.wikidata.org/entity/Q10581,Tommy Smith,
http://www.wikidata.org/entity/Q10585,Ben Foster,
http://www.wikidata.org/entity/Q10588,Marlon King,
http://www.wikidata.org/entity/Q10590,Gavin Mahon,
http://www.wikidata.org/entity/Q10592,Marcus Gayle,
http://www.wikidata.org/entity/Q10594,Alec Chamberlain,
http://www.wikidata.org/entity/Q10598,David James,jamosfoundation
http://www.wikidata.org/entity/Q10599,Sean Dyche,
http://www.wikidata.org/entity/Q10600,Ray Lewington,
http://www.wikidata.org/entity/Q10601,Kenny Jackett,
http://www.wikidata.org/entity/Q10602,Ashley Young,youngy18
http://www.wikidata.org/entity/Q10603,Marvin Sordell,
http://www.wikidata.org/entity/Q10606,Lloyd Doyley,
http://www.wikidata.org/entity/Q10611,Aidy Boothroyd,
http://www.wikidata.org/entity/Q18765,Burak Yılmaz,yilmazburak17
http://www.wikidata.org/entity/Q18881,Aly Cissokho,
http://www.wikidata.org/entity/Q18962,Adrien Rabiot,
http://www.wikidata.org/entity/Q18976,Ole Gunnar Solskjær,olegs26_ole
http://www.wikidata.org/entity/Q18982,Tom Ince,RealThomasInce
http://www.wikidata.org/entity/Q19041,Daniel González Güiza,
http://www.wikidata.org/entity/Q19051,Mame Biram Diouf,
http://www.wikidata.org/entity/Q19177,Adam Miller,
http://www.wikidata.org/entity/Q19181,Alan Julian,
http://www.wikidata.org/entity/Q19350,Karl Henry,
http://www.wikidata.org/entity/Q19364,Andrés Guardado,AGuardado18
http://www.wikidata.org/entity/Q19365,Vicente Guaita,
http://www.wikidata.org/entity/Q19367,Juan Bernat,juanbernat
http://www.wikidata.org/entity/Q19367,Juan Bernat,JuanBernat
http://www.wikidata.org/entity/Q19388,Dani Parejo,DaniParejo
http://www.wikidata.org/entity/Q19392,Éver Banega,Ever10Banega
http://www.wikidata.org/entity/Q19422,Sergio Canales Madrazo,SergioCanales
http://www.wikidata.org/entity/Q19497,Oscar,oscar8
http://www.wikidata.org/entity/Q19832,Maurice Cook,
http://www.wikidata.org/entity/Q20110,Francesco Totti,Totti
http://www.wikidata.org/entity/Q20469,Alan Dzagoev,
http://www.wikidata.org/entity/Q22561,Kurt Sommerlatt,
http://www.wikidata.org/entity/Q22717,Fritz Walter,
http://www.wikidata.org/entity/Q23421,Alan Foggon,
http://www.wikidata.org/entity/Q23941,Francisco Frione,
http://www.wikidata.org/entity/Q23950,Jānis Skredelis,
http://www.wikidata.org/entity/Q24012,Gaetano Monachello,gaemona
http://www.wikidata.org/entity/Q24027,Natalia Zinchenko,
http://www.wikidata.org/entity/Q24042,Raúl Banfi,
http://www.wikidata.org/entity/Q24237,Andrew Nabbout,andrewnabbout
http://www.wikidata.org/entity/Q24294,Edward Linskens,
http://www.wikidata.org/entity/Q24310,Luis Rijo,
http://www.wikidata.org/entity/Q24325,Ufuk Budak,
http://www.wikidata.org/entity/Q24347,Óscar Míguez,
http://www.wikidata.org/entity/Q24553,Obi Metzger,
http://www.wikidata.org/entity/Q24947,Gunnar Þór Gunnarsson,
http://www.wikidata.org/entity/Q25081,Pavel Mochalin,
http://www.wikidata.org/entity/Q25463,Mohamed Youssouf,
http://www.wikidata.org/entity/Q25476,Rob Reekers,
http://www.wikidata.org/entity/Q25613,Ruslan Lyubarskyi,
http://www.wikidata.org/entity/Q25643,Mouritala Ogunbiyi,
http://www.wikidata.org/entity/Q25702,Hans Mulder,
http://www.wikidata.org/entity/Q25718,Björn Lindemann,
http://www.wikidata.org/entity/Q25982,Omar Arellano Nuño,
http://www.wikidata.org/entity/Q25992,Lavard Evans,
http://www.wikidata.org/entity/Q26014,Volodymyr Shekhovtsov,
http://www.wikidata.org/entity/Q26051,Alejandro Pozuelo,
http://www.wikidata.org/entity/Q26054,Isabell Herlovsen,
http://www.wikidata.org/entity/Q26069,Klaas-Jan Huntelaar,KJ_Huntelaar
http://www.wikidata.org/entity/Q26181,Heinz-Jürgen Blome,
http://www.wikidata.org/entity/Q26192,Steven Caulker,
http://www.wikidata.org/entity/Q26233,Roman Neustädter,
http://www.wikidata.org/entity/Q26276,Klemen Lavrič,
http://www.wikidata.org/entity/Q26306,Eduard Kainberger,
http://www.wikidata.org/entity/Q26309,Amir Karić,
http://www.wikidata.org/entity/Q26315,Željko Milinovič,
http://www.wikidata.org/entity/Q26343,Gaël Bigirimana,
http://www.wikidata.org/entity/Q26380,Iago Aspas,aspas10
http://www.wikidata.org/entity/Q26460,Boban Babunski,
http://www.wikidata.org/entity/Q26480,Francisco Medina Luna,
http://www.wikidata.org/entity/Q26517,Luis Suárez,LuisSuarez9
http://www.wikidata.org/entity/Q26522,Mbaye Niang,
http://www.wikidata.org/entity/Q26532,Abdullah Avcı,
http://www.wikidata.org/entity/Q26536,Álex Fernández,
http://www.wikidata.org/entity/Q26580,Antonio Conte,
http://www.wikidata.org/entity/Q26981,Kim Ju-song,
http://www.wikidata.org/entity/Q27078,Arnaldo Pereira,
http://www.wikidata.org/entity/Q27476,Florian Thauvin,FlorianThauvin
http://www.wikidata.org/entity/Q27478,Gilles Cioni,
http://www.wikidata.org/entity/Q27481,Gaël Angoula,
http://www.wikidata.org/entity/Q27482,Maka Mary,
http://www.wikidata.org/entity/Q27504,Frédéric Hantz,
http://www.wikidata.org/entity/Q27508,Lucas Daniel Wilchez,
http://www.wikidata.org/entity/Q27516,Féthi Harek,
http://www.wikidata.org/entity/Q27517,Yassin El-Azzouzi,
http://www.wikidata.org/entity/Q27522,Artyom Kondrashkin,
http://www.wikidata.org/entity/Q27523,Mehdi Mostefa,
http://www.wikidata.org/entity/Q27525,Franco Zuculini,
http://www.wikidata.org/entity/Q27526,David Gigliotti,
http://www.wikidata.org/entity/Q27528,Sambou Yatabaré,
http://www.wikidata.org/entity/Q27531,Lluís Sastre,
http://www.wikidata.org/entity/Q27533,Sigamary Diarra,sigamary
http://www.wikidata.org/entity/Q27572,Patrick Ebert,
http://www.wikidata.org/entity/Q27649,Jérôme Rothen,RothenJerome
http://www.wikidata.org/entity/Q27680,Ivan Obradović,
http://www.wikidata.org/entity/Q27687,Manuel Jiménez Jiménez,
http://www.wikidata.org/entity/Q27688,Javier Paredes,
http://www.wikidata.org/entity/Q27691,Alberto Bueno,albertobueno15
http://www.wikidata.org/entity/Q27691,Alberto Bueno,Albertobueno15
http://www.wikidata.org/entity/Q27694,Emre Can,emrecan_
http://www.wikidata.org/entity/Q27696,Toifilou Maoulida,
http://www.wikidata.org/entity/Q27699,Carlos Aranda,
http://www.wikidata.org/entity/Q27704,Maurizio Lanzaro,
http://www.wikidata.org/entity/Q27705,Javier Álamo Cruz,
http://www.wikidata.org/entity/Q27719,Stefan Babović,
http://www.wikidata.org/entity/Q27729,Álvaro González Soberón,
http://www.wikidata.org/entity/Q27733,Julien Sablé,
http://www.wikidata.org/entity/Q27735,Glenn Loovens,
http://www.wikidata.org/entity/Q27739,Oumar Sissoko,
http://www.wikidata.org/entity/Q27741,Abraham Minero,
http://www.wikidata.org/entity/Q31893,Marc Planus,
http://www.wikidata.org/entity/Q31903,David Bellion,
http://www.wikidata.org/entity/Q31907,Benoît Trémoulinas,
http://www.wikidata.org/entity/Q31951,André Biyogo Poko,
http://www.wikidata.org/entity/Q31968,Francis Gillot,Gillou_Gironde
http://www.wikidata.org/entity/Q31972,Fahid Ben Khalfallah,
http://www.wikidata.org/entity/Q31980,José Luis Panizo,
http://www.wikidata.org/entity/Q31981,David Alaba,David_Alaba
http://www.wikidata.org/entity/Q31986,Cléverson Gabriel Córdova,
http://www.wikidata.org/entity/Q31988,Carlos Henrique dos Santos Souza,
http://www.wikidata.org/entity/Q31992,Abdoulaye Keita,
http://www.wikidata.org/entity/Q31997,Ažbe Jug,JugAzbe
http://www.wikidata.org/entity/Q32091,Henri Saivet,Saivet_Henri
http://www.wikidata.org/entity/Q32158,Sebastián Morquio,
http://www.wikidata.org/entity/Q32168,Alyaksandar Lukhvich,
http://www.wikidata.org/entity/Q32191,Pedro Ochoa,
http://www.wikidata.org/entity/Q32231,Serghei Gheorghiev,
http://www.wikidata.org/entity/Q32248,Jan Louwers,
http://www.wikidata.org/entity/Q32315,Juan Martín Parodi,
http://www.wikidata.org/entity/Q32411,Héctor Castro,
http://www.wikidata.org/entity/Q32490,Samuel Wilson,
http://www.wikidata.org/entity/Q32539,Laureano Ruiz,
http://www.wikidata.org/entity/Q32556,Antonio Candreva,
http://www.wikidata.org/entity/Q32630,Mick Bates,
http://www.wikidata.org/entity/Q32733,Victor Mees,
http://www.wikidata.org/entity/Q32763,Santillana,
http://www.wikidata.org/entity/Q32812,Tryggve Gran,
http://www.wikidata.org/entity/Q32962,Larry Yáñez,
http://www.wikidata.org/entity/Q33008,Han Deok-hee,
http://www.wikidata.org/entity/Q33048,Allan Borgvardt,
http://www.wikidata.org/entity/Q33091,Stanislav Prins,
http://www.wikidata.org/entity/Q33107,Romain Élie,
http://www.wikidata.org/entity/Q33157,Osvaldo Sáez,
http://www.wikidata.org/entity/Q34658,Michael Reiziger,
http://www.wikidata.org/entity/Q34670,Albert Camus,
http://www.wikidata.org/entity/Q34764,Mika Aaltonen,
http://www.wikidata.org/entity/Q35940,Ayila Yussuf,
http://www.wikidata.org/entity/Q36305,Alessandro Matri,ale_matri
http://www.wikidata.org/entity/Q36305,Alessandro Matri,Ale_Matri
http://www.wikidata.org/entity/Q36815,Marteria,marsimoto
http://www.wikidata.org/entity/Q36815,Marteria,marteria
http://www.wikidata.org/entity/Q37231,Néstor Camacho,
http://www.wikidata.org/entity/Q37717,Shaun Maloney,
http://www.wikidata.org/entity/Q38136,Marcel,MarceloM12
http://www.wikidata.org/entity/Q38261,Paco Campos,
http://www.wikidata.org/entity/Q38304,Ēriks Pētersons,
http://www.wikidata.org/entity/Q38306,Alberts Šeibelis,
http://www.wikidata.org/entity/Q38317,Marians Pahars,
http://www.wikidata.org/entity/Q38321,Arnaud Anastassowa,
http://www.wikidata.org/entity/Q38658,Epifanio Fernández,
http://www.wikidata.org/entity/Q38660,Roberto Román Triguero,
http://www.wikidata.org/entity/Q38742,Eduardo Herrera Bueno,
http://www.wikidata.org/entity/Q38794,Rildo da Costa Menezes,
http://www.wikidata.org/entity/Q38812,Alejandro Lanari,
http://www.wikidata.org/entity/Q38917,Mauro Goicoechea,
http://www.wikidata.org/entity/Q38946,Anass Achahbar,
http://www.wikidata.org/entity/Q38989,Fernando Gamboa,
http://www.wikidata.org/entity/Q39053,Ernest Payne,
http://www.wikidata.org/entity/Q39101,Mario Gallegos,
http://www.wikidata.org/entity/Q39114,Sidney Sam,
http://www.wikidata.org/entity/Q39209,Koray Günter,
http://www.wikidata.org/entity/Q39230,Marquinhos,marquinhos_m5
http://www.wikidata.org/entity/Q39233,Aleksandr Kokorin,kokorink9
http://www.wikidata.org/entity/Q39236,Adam Morgan,
http://www.wikidata.org/entity/Q39260,Igor Golban,
http://www.wikidata.org/entity/Q39264,Matej Sivrić,
http://www.wikidata.org/entity/Q39287,Oliver Kirch,
http://www.wikidata.org/entity/Q39323,Jasmin Šćuk,
http://www.wikidata.org/entity/Q39444,Ronaldinho,10Ronaldinho
http://www.wikidata.org/entity/Q39684,Bernard Mendy,mendy_bernard
http://www.wikidata.org/entity/Q39710,Eden Ben Basat,
http://www.wikidata.org/entity/Q39716,Larsen Touré,
http://www.wikidata.org/entity/Q39726,Jhon Culma,
http://www.wikidata.org/entity/Q39728,Aléxis Thébaux,
http://www.wikidata.org/entity/Q39730,Bruno Grougi,
http://www.wikidata.org/entity/Q39746,Jonathan Ayité,AyiteJonathan
http://www.wikidata.org/entity/Q39749,Tripy Makonda,MakondaTripy
http://www.wikidata.org/entity/Q39751,Richard Soumah,
http://www.wikidata.org/entity/Q39752,Johan Martial,
http://www.wikidata.org/entity/Q39754,Ismaël Traoré,
http://www.wikidata.org/entity/Q40012,Sally Walton,
http://www.wikidata.org/entity/Q40596,Łukasz Fabiański,LukaszFabianski
http://www.wikidata.org/entity/Q40604,Kieran Gibbs,KieranGibbs
http://www.wikidata.org/entity/Q40652,Tite,
http://www.wikidata.org/entity/Q40771,Alfreð Finnbogason,A_Finnbogason
http://www.wikidata.org/entity/Q41235,Emilio Butragueño,ButraguenoRM
http://www.wikidata.org/entity/Q41244,Andriy Shevchenko,jksheva7
http://www.wikidata.org/entity/Q41533,Frank Lampard,
http://www.wikidata.org/entity/Q41895,Kenny Miller,
http://www.wikidata.org/entity/Q42010,Marouane Chamakh,
http://www.wikidata.org/entity/Q42231,Ahmed Hassan,AhmedHassan
http://www.wikidata.org/entity/Q42601,David Ginola,teamginola
http://www.wikidata.org/entity/Q42731,Fernando Torres,Torres
http://www.wikidata.org/entity/Q43304,Marcello Lippi,
http://www.wikidata.org/entity/Q43309,Joaquín Reyes Chávez,Joakings
http://www.wikidata.org/entity/Q43333,Léopold Gernaey,
http://www.wikidata.org/entity/Q43559,Joël Kiassumbua,
http://www.wikidata.org/entity/Q43569,Hilario Cuenú,
http://www.wikidata.org/entity/Q43572,Carlos Rodas,
http://www.wikidata.org/entity/Q43630,José Moré Bonet,
http://www.wikidata.org/entity/Q107089,Robert Enke,
http://www.wikidata.org/entity/Q107334,Markus Schwabl,
http://www.wikidata.org/entity/Q107365,Manuel Neuer,Manuel_Neuer
http://www.wikidata.org/entity/Q107430,Mike Hanke,
http://www.wikidata.org/entity/Q107471,Heiner Backhaus,
http://www.wikidata.org/entity/Q107520,Sebastian Schulz,
http://www.wikidata.org/entity/Q107659,Andreas Menger,
http://www.wikidata.org/entity/Q107718,Kurt Koch,
http://www.wikidata.org/entity/Q107796,Markus Rosenberg,
http://www.wikidata.org/entity/Q107829,Gerald Asamoah,GeraldAsamoah14
http://www.wikidata.org/entity/Q107851,Jürgen Schulz,
http://www.wikidata.org/entity/Q107867,Achim Glückler,
http://www.wikidata.org/entity/Q107976,Uwe Harttgen,
http://www.wikidata.org/entity/Q108313,Hans-Jürgen Naumann,
http://www.wikidata.org/entity/Q108330,Karl Bögelein,
http://www.wikidata.org/entity/Q108387,Uwe Wolf,
http://www.wikidata.org/entity/Q108491,Marijan Kovačević,
http://www.wikidata.org/entity/Q108519,Marcel Stutter,
http://www.wikidata.org/entity/Q108552,David Blacha,
http://www.wikidata.org/entity/Q108568,Ludwig Hinterstocker,
http://www.wikidata.org/entity/Q108572,Robert Schlienz,
http://www.wikidata.org/entity/Q108642,Patricia Brocker,
http://www.wikidata.org/entity/Q108752,Günter Seibold,
http://www.wikidata.org/entity/Q108863,Benedikt Röcker,
http://www.wikidata.org/entity/Q108869,Jérôme Gondorf,
http://www.wikidata.org/entity/Q108982,Kai Oswald,
http://www.wikidata.org/entity/Q108986,Soufian Benyamina,
http://www.wikidata.org/entity/Q109027,Paul Linz,
http://www.wikidata.org/entity/Q109228,Detlef Irrgang,
http://www.wikidata.org/entity/Q109237,Dieter Fern,
http://www.wikidata.org/entity/Q109397,Claudio Pizarro,pizarrinha
http://www.wikidata.org/entity/Q109417,Aggelos Charisteas,
http://www.wikidata.org/entity/Q109428,Diego Ribas da Cunha,ribasdiego10
http://www.wikidata.org/entity/Q109506,Michael Pfeiffer,
http://www.wikidata.org/entity/Q109625,Lothar Haack,
http://www.wikidata.org/entity/Q109638,Emil Gröner,
http://www.wikidata.org/entity/Q109780,George Elokobi,
http://www.wikidata.org/entity/Q109850,Jochen Endreß,
http://www.wikidata.org/entity/Q109852,Uwe Bialon,
http://www.wikidata.org/entity/Q109857,Timo Uster,
http://www.wikidata.org/entity/Q109868,Birgit Prinz,
http://www.wikidata.org/entity/Q110053,Mats Hummels,matshummels
http://www.wikidata.org/entity/Q110111,Gunnar Nordahl,
http://www.wikidata.org/entity/Q110126,Hrant Dink,
http://www.wikidata.org/entity/Q110259,Ralf Raps,
http://www.wikidata.org/entity/Q110401,Corny Littmann,
http://www.wikidata.org/entity/Q110523,Manuel Friedrich,
http://www.wikidata.org/entity/Q110778,Manfred Kastl,
http://www.wikidata.org/entity/Q111032,Jürgen Kramny,
http://www.wikidata.org/entity/Q111047,Timo Çeçen,
http://www.wikidata.org/entity/Q111050,Kacper Przybyłko,
http://www.wikidata.org/entity/Q111076,Winfried Stradt,
http://www.wikidata.org/entity/Q111142,Wolfgang Lischke,
http://www.wikidata.org/entity/Q111236,Roland Mall,
http://www.wikidata.org/entity/Q111272,Georg Wurzer,
http://www.wikidata.org/entity/Q111472,Bernd Hoss,
http://www.wikidata.org/entity/Q111645,Vahan Gevorgyan,
http://www.wikidata.org/entity/Q111714,Adebowale Ogungbure,
http://www.wikidata.org/entity/Q111770,Eddie Gray,
http://www.wikidata.org/entity/Q111775,Guillaume Faivre,
http://www.wikidata.org/entity/Q111960,Bertram Beierlorzer,
http://www.wikidata.org/entity/Q111984,Norbert Siegmann,
http://www.wikidata.org/entity/Q112072,Fernando Espinosa,
http://www.wikidata.org/entity/Q112200,Ilčo Naumoski,
http://www.wikidata.org/entity/Q112327,Radwan Yasser,
http://www.wikidata.org/entity/Q112752,Theo Gries,
http://www.wikidata.org/entity/Q112771,Anthony Limbombe,
http://www.wikidata.org/entity/Q112867,Marcel Podszus,
http://www.wikidata.org/entity/Q112868,Fırat Aydınus,
http://www.wikidata.org/entity/Q112949,Magnus Wolff Eikrem,
http://www.wikidata.org/entity/Q112998,Mikel González Martínez,
http://www.wikidata.org/entity/Q113001,Dirk Lottner,
http://www.wikidata.org/entity/Q113023,Manfred Weidmann,
http://www.wikidata.org/entity/Q113156,Robert Pires,piresrobert7
http://www.wikidata.org/entity/Q113221,Florian Fromlowitz,
http://www.wikidata.org/entity/Q113244,Michael Nushöhr,
http://www.wikidata.org/entity/Q113245,Murat Yakin,
http://www.wikidata.org/entity/Q113246,Karim El Ahmadi,
http://www.wikidata.org/entity/Q113305,Uwe Neuhaus,
http://www.wikidata.org/entity/Q113324,Jörn Schwinkendorf,
http://www.wikidata.org/entity/Q113351,Tomislav Marić,
http://www.wikidata.org/entity/Q113366,Heinrich Retschury,
http://www.wikidata.org/entity/Q113383,Serkan Çiftçi,
http://www.wikidata.org/entity/Q113387,Stephan Auer,
http://www.wikidata.org/entity/Q113443,Hans-Jürgen Heidenreich,
http://www.wikidata.org/entity/Q113452,Uwe Amstein,
http://www.wikidata.org/entity/Q113561,Callum McManaman,
http://www.wikidata.org/entity/Q113575,Magomed Ozdoyev,E27A
http://www.wikidata.org/entity/Q113687,Robert Niederkirchner,
http://www.wikidata.org/entity/Q113711,Thomas Cichon,
http://www.wikidata.org/entity/Q113841,Bekim Balaj,
http://www.wikidata.org/entity/Q113862,Clemens Walch,
http://www.wikidata.org/entity/Q113872,Charles N'Zogbia,
http://www.wikidata.org/entity/Q113905,Madjid Albry,
http://www.wikidata.org/entity/Q113916,Stephen Ireland,
http://www.wikidata.org/entity/Q113972,Gheorghe Albu,
http://www.wikidata.org/entity/Q113985,Mehmet Eren Boyraz,
http://www.wikidata.org/entity/Q114050,Aleksandr Viktorovich Gerasimov,
http://www.wikidata.org/entity/Q114119,Mihael Mikić,
http://www.wikidata.org/entity/Q114125,Rogério Gaúcho,
http://www.wikidata.org/entity/Q43666,Thomas Müller,esmuellert_
http://www.wikidata.org/entity/Q43682,Philipp Lahm,philipplahm
http://www.wikidata.org/entity/Q43729,Andrés Iniesta,andresiniesta8
http://www.wikidata.org/entity/Q43744,Gerd Müller,
http://www.wikidata.org/entity/Q43752,Florian Heller,
http://www.wikidata.org/entity/Q43887,Slaven Zambata,
http://www.wikidata.org/entity/Q43893,Tim Clancy,
http://www.wikidata.org/entity/Q43913,Arjen Robben,ArjenRobben
http://www.wikidata.org/entity/Q43926,Andrea Pirlo,Pirlo_official
http://www.wikidata.org/entity/Q43943,José Touré,
http://www.wikidata.org/entity/Q43953,Jorge Claros,
http://www.wikidata.org/entity/Q43971,Edno Roberto Cunha,
http://www.wikidata.org/entity/Q43988,Victor Hermans,
http://www.wikidata.org/entity/Q44073,Bixente Lizarazu,BixeLizarazu
http://www.wikidata.org/entity/Q44097,Marco Borriello,
http://www.wikidata.org/entity/Q44118,Hamit Altıntop,
http://www.wikidata.org/entity/Q44157,Manuel Onwu,
http://www.wikidata.org/entity/Q44181,Anatolii Tymoshchuk,Timo_44
http://www.wikidata.org/entity/Q44194,Sepp Maier,
http://www.wikidata.org/entity/Q44225,John Hutchinson,
http://www.wikidata.org/entity/Q44266,Wilfried Sanou,
http://www.wikidata.org/entity/Q44298,Bastian Schweinsteiger,BSchweinsteiger
http://www.wikidata.org/entity/Q44309,Daniel Van Buyten,
http://www.wikidata.org/entity/Q44326,Günter Netzer,
http://www.wikidata.org/entity/Q44340,Uli Hoeneß,
http://www.wikidata.org/entity/Q44389,Bernd Schuster,
http://www.wikidata.org/entity/Q44420,Giovanni Trapattoni,
http://www.wikidata.org/entity/Q44433,Pape Alioune Diouf,
http://www.wikidata.org/entity/Q44436,"Eduardo ""Volkswagen"" Hernández",
http://www.wikidata.org/entity/Q44458,Paul Breitner,
http://www.wikidata.org/entity/Q44464,Rudi Völler,
http://www.wikidata.org/entity/Q44470,Uwe Seeler,
http://www.wikidata.org/entity/Q44478,Ottmar Hitzfeld,
http://www.wikidata.org/entity/Q44513,Willy Sagnol,
http://www.wikidata.org/entity/Q44522,Stefan Effenberg,
http://www.wikidata.org/entity/Q44524,Yevgeni Kurdus,
http://www.wikidata.org/entity/Q44527,Ryan Fraser,RyanFraser94
http://www.wikidata.org/entity/Q44629,Lionel Cappone,
http://www.wikidata.org/entity/Q44635,Moïse Brou Apanga,
http://www.wikidata.org/entity/Q44643,Bertrand Laquait,
http://www.wikidata.org/entity/Q44651,Zouheir Dhaouadi,
http://www.wikidata.org/entity/Q44655,Paolo Di Canio,
http://www.wikidata.org/entity/Q44656,Ahmed Kantari,
http://www.wikidata.org/entity/Q44663,Rodney Strasser,
http://www.wikidata.org/entity/Q44665,Djakaridja Koné,
http://www.wikidata.org/entity/Q44668,Tomáš Mičola,
http://www.wikidata.org/entity/Q44671,Mario Lička,
http://www.wikidata.org/entity/Q44673,Andreas Ottl,
http://www.wikidata.org/entity/Q44682,Alexandre Alphonse,
http://www.wikidata.org/entity/Q44688,Wolfgang Overath,
http://www.wikidata.org/entity/Q44689,Saber Khelifa,
http://www.wikidata.org/entity/Q44694,Kamel Chafni,
http://www.wikidata.org/entity/Q44698,Cédric Barbosa,
http://www.wikidata.org/entity/Q44702,Brahim Ferradj,
http://www.wikidata.org/entity/Q44708,Hervé Bugnet,
http://www.wikidata.org/entity/Q44711,Guillaume Lacour,
http://www.wikidata.org/entity/Q44716,Eric Tié Bi,
http://www.wikidata.org/entity/Q44718,Charlison Benschop,CBENSCHOP
http://www.wikidata.org/entity/Q44719,Ousmane Coulibaly,
http://www.wikidata.org/entity/Q44730,Iheb Mbarki,
http://www.wikidata.org/entity/Q44731,Benoît Lesoimier,
http://www.wikidata.org/entity/Q44739,Paul Baysse,
http://www.wikidata.org/entity/Q44740,Abel Khaled,AbelKHALED7
http://www.wikidata.org/entity/Q44742,Breno Borges,breshow02
http://www.wikidata.org/entity/Q44743,Ali M'Madi,
http://www.wikidata.org/entity/Q44744,Johann Durand,
http://www.wikidata.org/entity/Q44745,Kévin Bérigaud,
http://www.wikidata.org/entity/Q44748,Mohammed Rabiu,RabiuMomo
http://www.wikidata.org/entity/Q44750,Dialo Guidileye,dialouz
http://www.wikidata.org/entity/Q44751,Adama Ba,zzba10
http://www.wikidata.org/entity/Q44755,Aldo Angoula,
http://www.wikidata.org/entity/Q44760,Aleksei Kukhtinov,
http://www.wikidata.org/entity/Q44769,Artyom Kuklev,
http://www.wikidata.org/entity/Q44770,Anton Kurbatov,
http://www.wikidata.org/entity/Q44772,Landry Chauvin,
http://www.wikidata.org/entity/Q44774,Grégory Lorenzi,GregLorenzi
http://www.wikidata.org/entity/Q44778,Yevgeni Kuritsyn,
http://www.wikidata.org/entity/Q44788,Matteo Darmian,DarmianOfficial
http://www.wikidata.org/entity/Q44790,Zaur Kunizhev,
http://www.wikidata.org/entity/Q44792,Anton Krasnobayev,
http://www.wikidata.org/entity/Q44815,Giovane Élber,
http://www.wikidata.org/entity/Q44820,Georg Schwarzenbeck,
http://www.wikidata.org/entity/Q44834,Thomas Kraft,
http://www.wikidata.org/entity/Q44849,Geoffrey Dernis,
http://www.wikidata.org/entity/Q44858,Bernd Hölzenbein,
http://www.wikidata.org/entity/Q44869,Fabrice Ehret,
http://www.wikidata.org/entity/Q44871,Igor Stamenovski,
http://www.wikidata.org/entity/Q44878,Jonathan Mensah,
http://www.wikidata.org/entity/Q44885,Cédric Mongongu,
http://www.wikidata.org/entity/Q44888,Yannick Sagbo,
http://www.wikidata.org/entity/Q44899,Brice Dja Djédjé,
http://www.wikidata.org/entity/Q44902,Cédric Cambon,CambonCedric
http://www.wikidata.org/entity/Q44915,Youssef Adnane,
http://www.wikidata.org/entity/Q44917,Jürgen Grabowski,
http://www.wikidata.org/entity/Q44951,Rainer Bonhof,
http://www.wikidata.org/entity/Q44977,Pierre-Emerick Aubameyang,Aubameyang7
http://www.wikidata.org/entity/Q44980,Alex Ferguson,
http://www.wikidata.org/entity/Q44983,Erwin Hoffer,
http://www.wikidata.org/entity/Q45031,Olivier Sorlin,
http://www.wikidata.org/entity/Q45038,Iasmin Latovlevici,
http://www.wikidata.org/entity/Q114214,Adam Kensy,
http://www.wikidata.org/entity/Q114241,Ludwig Nolden,
http://www.wikidata.org/entity/Q114271,David Gillick,
http://www.wikidata.org/entity/Q114276,Henning Enoksen,
http://www.wikidata.org/entity/Q114386,Silvan Widmer,
http://www.wikidata.org/entity/Q114413,Alberto Paloschi,
http://www.wikidata.org/entity/Q114427,Dieter Leuschner,
http://www.wikidata.org/entity/Q114487,Serdar Kurtuluş,
http://www.wikidata.org/entity/Q114569,Krunoslav Lovrek,
http://www.wikidata.org/entity/Q114590,Goran Rubil,
http://www.wikidata.org/entity/Q114598,Tomislav Erceg,
http://www.wikidata.org/entity/Q114859,Loïc Rémy,
http://www.wikidata.org/entity/Q114954,Artjoms Rudņevs,
http://www.wikidata.org/entity/Q115030,Fritz Keller,
http://www.wikidata.org/entity/Q115101,Krisztián Vadócz,
http://www.wikidata.org/entity/Q115113,Fredrik Lundgren,
http://www.wikidata.org/entity/Q115119,Julen Lopetegui,
http://www.wikidata.org/entity/Q115135,Kristen Viikmäe,
http://www.wikidata.org/entity/Q115173,Junior Ross,
http://www.wikidata.org/entity/Q115341,Heiko Westermann,
http://www.wikidata.org/entity/Q115409,Karl-Heinz Heddergott,
http://www.wikidata.org/entity/Q115453,Ivan Rakitić,ivanrakitic
http://www.wikidata.org/entity/Q115500,Hans Max Gamper-Haessig,
http://www.wikidata.org/entity/Q115547,Bill Goldberg,Goldberg
http://www.wikidata.org/entity/Q115560,Kazuki Mine,sancon28yoncon
http://www.wikidata.org/entity/Q115587,Christian Gross,
http://www.wikidata.org/entity/Q115654,Paul Grüninger,
http://www.wikidata.org/entity/Q115662,Kim Jaggy,
http://www.wikidata.org/entity/Q115732,Payam Sadeghian,
http://www.wikidata.org/entity/Q115748,Davide Chiumiento,
http://www.wikidata.org/entity/Q115750,Aleksandar Mitreski,
http://www.wikidata.org/entity/Q115790,Sherif Ashraf,
http://www.wikidata.org/entity/Q115843,Bruno Berner,
http://www.wikidata.org/entity/Q115859,Zdravko Kuzmanović,
http://www.wikidata.org/entity/Q115879,Ogenyi Onazi,
http://www.wikidata.org/entity/Q115933,Lamin Sarjo Samateh,
http://www.wikidata.org/entity/Q115960,Hans-Peter Zaugg,
http://www.wikidata.org/entity/Q115973,Bernard Challandes,
http://www.wikidata.org/entity/Q116018,Nana Attakora,
http://www.wikidata.org/entity/Q116030,Vero Salatić,
http://www.wikidata.org/entity/Q116051,Louis Crayton,
http://www.wikidata.org/entity/Q116060,Adrian Knup,
http://www.wikidata.org/entity/Q116067,Philipp Degen,
http://www.wikidata.org/entity/Q116070,Scott Chipperfield,chippers1975
http://www.wikidata.org/entity/Q116155,Prince Oniangue,
http://www.wikidata.org/entity/Q116161,Jarkko Hurme,
http://www.wikidata.org/entity/Q116284,Nicole Petignat,
http://www.wikidata.org/entity/Q116452,Jacinto Espinoza,
http://www.wikidata.org/entity/Q116459,Sébastien Grégori,
http://www.wikidata.org/entity/Q116482,Pape Abdou Camara,
http://www.wikidata.org/entity/Q116487,Nicolas Isimat-Mirin,nicoisimat
http://www.wikidata.org/entity/Q116491,Boubacar Dembélé,
http://www.wikidata.org/entity/Q116497,Mikhitar Zakharyan,
http://www.wikidata.org/entity/Q116514,Yakov Zayka,
http://www.wikidata.org/entity/Q116517,Kirill Zaika,
http://www.wikidata.org/entity/Q116560,Carlos Gilberto Nascimento Silva,
http://www.wikidata.org/entity/Q116561,Mody Traoré,
http://www.wikidata.org/entity/Q116566,Matthieu Dossevi,MDossevi
http://www.wikidata.org/entity/Q116570,Rémi Gomis,Remiii78
http://www.wikidata.org/entity/Q116586,Gaël Danic,stanich2
http://www.wikidata.org/entity/Q116602,Carlos Sánchez,carlossanchez6
http://www.wikidata.org/entity/Q116650,Hugo Gatti,
http://www.wikidata.org/entity/Q116743,Vincent Aboubakar,
http://www.wikidata.org/entity/Q116816,Andrej Kvašňák,
http://www.wikidata.org/entity/Q116911,Krister Kristensson,
http://www.wikidata.org/entity/Q116922,Roman Zobnin,
http://www.wikidata.org/entity/Q116931,Vitali Zamyakin,
http://www.wikidata.org/entity/Q116941,Didier Neumann,
http://www.wikidata.org/entity/Q116946,Dominic Imhof,
http://www.wikidata.org/entity/Q116980,Gennaro Gattuso,
http://www.wikidata.org/entity/Q116994,Dusan Djurić,
http://www.wikidata.org/entity/Q116997,Foued Kadir,
http://www.wikidata.org/entity/Q117027,Thomas Røll,
http://www.wikidata.org/entity/Q117034,Onyekachi Okonkwo,
http://www.wikidata.org/entity/Q117050,Christian Constantin,
http://www.wikidata.org/entity/Q117056,Miguel de las Cuevas,
http://www.wikidata.org/entity/Q117193,Andreas Gaebler,
http://www.wikidata.org/entity/Q117361,Ali Zorlu,
http://www.wikidata.org/entity/Q117436,Yoann Gourcuff,
http://www.wikidata.org/entity/Q117655,Igor de Camargo,
http://www.wikidata.org/entity/Q117660,Kurt Krüger,
http://www.wikidata.org/entity/Q118088,André Gérard,
http://www.wikidata.org/entity/Q118095,Daniel Constantin Florea,
http://www.wikidata.org/entity/Q118207,Kevin Trapp,
http://www.wikidata.org/entity/Q118333,Herwart Koppenhöfer,
http://www.wikidata.org/entity/Q118397,Olaf Seier,
http://www.wikidata.org/entity/Q118410,Michael Spies,
http://www.wikidata.org/entity/Q118437,Stefan Lindqvist,
http://www.wikidata.org/entity/Q118513,Marko Simeunovič,
http://www.wikidata.org/entity/Q118567,Philip Sprint,
http://www.wikidata.org/entity/Q118700,Patrick Bauer,
http://www.wikidata.org/entity/Q118719,Florian Bruns,
http://www.wikidata.org/entity/Q118734,Leo Halle,
http://www.wikidata.org/entity/Q118738,Heinz-Josef Kehr,
http://www.wikidata.org/entity/Q118838,Guy Mathez,
http://www.wikidata.org/entity/Q118875,Ok Formenoij,
http://www.wikidata.org/entity/Q118942,Frank Stapleton,
http://www.wikidata.org/entity/Q118996,Dustin Bomheuer,
http://www.wikidata.org/entity/Q119026,Gerd Dais,
http://www.wikidata.org/entity/Q119349,Lothar Buchmann,
http://www.wikidata.org/entity/Q126279,Craig Gardner,
http://www.wikidata.org/entity/Q126332,David Meyler,
http://www.wikidata.org/entity/Q126360,Carl Robinson,
http://www.wikidata.org/entity/Q126406,Nerijus Astrauskas,
http://www.wikidata.org/entity/Q126422,Connor Wickham,ConnorWickham10
http://www.wikidata.org/entity/Q126429,Matthias Heidemann,
http://www.wikidata.org/entity/Q126442,Oliver Sorg,
http://www.wikidata.org/entity/Q126444,David Vaughan,
http://www.wikidata.org/entity/Q126447,André Moritz,
http://www.wikidata.org/entity/Q126454,Thomas Magnusson,
http://www.wikidata.org/entity/Q126461,Joris Mathijsen,
http://www.wikidata.org/entity/Q126466,Jack Colback,
http://www.wikidata.org/entity/Q126503,Filippo Inzaghi,
http://www.wikidata.org/entity/Q126640,Marcelo Lipatín,marcelolipatin
http://www.wikidata.org/entity/Q126903,Lucas Piazón,
http://www.wikidata.org/entity/Q126937,Levan Mchedlidze,
http://www.wikidata.org/entity/Q127145,Ondřej Kraják,
http://www.wikidata.org/entity/Q127220,Nicolae Lupescu,
http://www.wikidata.org/entity/Q127320,Lars Lunde,
http://www.wikidata.org/entity/Q127361,Bernd Krauss,
http://www.wikidata.org/entity/Q127396,Francis Bossman,
http://www.wikidata.org/entity/Q127452,Dani Carvajal,DaniCarvajal92
http://www.wikidata.org/entity/Q127460,Nicolas Fauvergue,
http://www.wikidata.org/entity/Q127480,Rubén Pardo,
http://www.wikidata.org/entity/Q127492,Michael Zepek,
http://www.wikidata.org/entity/Q127499,Asier Illarramendi,IllarraOfficial
http://www.wikidata.org/entity/Q127500,Johanna Rasmussen,
http://www.wikidata.org/entity/Q127519,Hakan Vural Koçaslan,
http://www.wikidata.org/entity/Q127523,Ricardo Cavalcante Mendes,
http://www.wikidata.org/entity/Q127534,Alfonso Montemayor,
http://www.wikidata.org/entity/Q127576,Christopher Oualembo,
http://www.wikidata.org/entity/Q127584,Stephan Palla,
http://www.wikidata.org/entity/Q127669,Andrea Guerra,
http://www.wikidata.org/entity/Q127785,João Paulo Brito,
http://www.wikidata.org/entity/Q127797,Joel Pohjanpalo,
http://www.wikidata.org/entity/Q127914,Sead Kolašinac,seadk6
http://www.wikidata.org/entity/Q127982,Saúl Martínez,
http://www.wikidata.org/entity/Q128276,Antônio Benedito da Silva,
http://www.wikidata.org/entity/Q128294,Will Robson Emilio Andrade,
http://www.wikidata.org/entity/Q128417,Sven Beuckert,
http://www.wikidata.org/entity/Q128419,Wolfgang de Beer,
http://www.wikidata.org/entity/Q128442,Ri Myong-jun,
http://www.wikidata.org/entity/Q128715,Beg Ferati,
http://www.wikidata.org/entity/Q128719,Jasper Cillessen,
http://www.wikidata.org/entity/Q128721,Steven Berghuis,
http://www.wikidata.org/entity/Q128722,Diagné Fallou,
http://www.wikidata.org/entity/Q128724,Ezequiel Calvente,
http://www.wikidata.org/entity/Q128725,Hidetoshi Nakata,nakata_dot_net
http://www.wikidata.org/entity/Q128727,Derk Boerrigter,
http://www.wikidata.org/entity/Q128734,Theo Bos,
http://www.wikidata.org/entity/Q128782,Hubert Fournier,
http://www.wikidata.org/entity/Q128784,Jan Rosenthal,
http://www.wikidata.org/entity/Q128786,Johannes Flum,
http://www.wikidata.org/entity/Q128788,Daniel Caligiuri,
http://www.wikidata.org/entity/Q128791,Pavel Krmaš,
http://www.wikidata.org/entity/Q128796,Jean Fernandez,
http://www.wikidata.org/entity/Q128801,Marco Höger,
http://www.wikidata.org/entity/Q128815,Sallieu Bundu,
http://www.wikidata.org/entity/Q128824,Frédéric Antonetti,
http://www.wikidata.org/entity/Q128829,Michael Owen,themichaelowen
http://www.wikidata.org/entity/Q128840,Toby Alderweireld,AlderweireldTob
http://www.wikidata.org/entity/Q128842,Alain Casanova,
http://www.wikidata.org/entity/Q128844,Vegar Eggen Hedenstad,
http://www.wikidata.org/entity/Q128845,Lee Baxter,
http://www.wikidata.org/entity/Q128850,Olivier Occéan,olivieroccean
http://www.wikidata.org/entity/Q128856,Erik Jendrišek,
http://www.wikidata.org/entity/Q128859,Tobias Sana,
http://www.wikidata.org/entity/Q128860,Marco Terrazzino,
http://www.wikidata.org/entity/Q128870,Rob Friend,
http://www.wikidata.org/entity/Q128877,Sebastian Freis,
http://www.wikidata.org/entity/Q128889,Gaëtan Bong,GaetanBong
http://www.wikidata.org/entity/Q128890,Thulani Serero,
http://www.wikidata.org/entity/Q128895,Anthony Le Tallec,toons19va
http://www.wikidata.org/entity/Q128898,Claude Puel,
http://www.wikidata.org/entity/Q128900,Christian Gourcuff,
http://www.wikidata.org/entity/Q128905,Kenneth Vermeer,kennethvermeer
http://www.wikidata.org/entity/Q128909,Lorenzo Ebecilio,
http://www.wikidata.org/entity/Q128912,Daley Blind,BlindDaley
http://www.wikidata.org/entity/Q128915,Grégory Pujol,
http://www.wikidata.org/entity/Q128920,Niklas Moisander,
http://www.wikidata.org/entity/Q128925,Nicolai Boilesen,
http://www.wikidata.org/entity/Q128932,Élie Baup,
http://www.wikidata.org/entity/Q128936,Kolbeinn Sigþórsson,
http://www.wikidata.org/entity/Q128937,José Saez,
http://www.wikidata.org/entity/Q128941,Mats Rits,
http://www.wikidata.org/entity/Q128963,Roman Parfinovich,
http://www.wikidata.org/entity/Q128966,Kama Massampu,
http://www.wikidata.org/entity/Q128970,Marco da Silva,
http://www.wikidata.org/entity/Q128992,Miralem Sulejmani,
http://www.wikidata.org/entity/Q128994,Garra Dembélé,
http://www.wikidata.org/entity/Q129013,Max Kruse,
http://www.wikidata.org/entity/Q129019,Anton Putsila,
http://www.wikidata.org/entity/Q129023,Christophe Galtier,
http://www.wikidata.org/entity/Q129025,Lucas Andersen,
http://www.wikidata.org/entity/Q129027,Paul Pogba,paulpogba
http://www.wikidata.org/entity/Q129042,Rainer Troppa,
http://www.wikidata.org/entity/Q129043,Jonathan Schmid,
http://www.wikidata.org/entity/Q129045,Mensur Mujdža,
http://www.wikidata.org/entity/Q129056,Daniel Sanchez,
http://www.wikidata.org/entity/Q129058,Ilan Boccara,
http://www.wikidata.org/entity/Q119407,Eberhard Trautner,
http://www.wikidata.org/entity/Q119562,Sergio Agüero,aguerosergiokun
http://www.wikidata.org/entity/Q119585,S. Subramaniam,
http://www.wikidata.org/entity/Q119600,Julio Gómez González,
http://www.wikidata.org/entity/Q119713,Urs Schönenberger,
http://www.wikidata.org/entity/Q119753,David Pallas,
http://www.wikidata.org/entity/Q119801,Sailen Manna,
http://www.wikidata.org/entity/Q119965,Ebewa-Yam Mimbala,
http://www.wikidata.org/entity/Q119988,Jürgen Hartmann,
http://www.wikidata.org/entity/Q120014,Günter Schneider,
http://www.wikidata.org/entity/Q120083,Heino Kleiminger,
http://www.wikidata.org/entity/Q120110,Matthias Döschner,
http://www.wikidata.org/entity/Q120128,Ike Shorunmu,
http://www.wikidata.org/entity/Q120156,Abdoulaye Méïté,
http://www.wikidata.org/entity/Q120254,Marc Keller,
http://www.wikidata.org/entity/Q120255,Franz Brungs,
http://www.wikidata.org/entity/Q120415,Reiner Plaßhenrich,
http://www.wikidata.org/entity/Q120434,Per Røntved,
http://www.wikidata.org/entity/Q120633,Karl-Heinz Ilsch,
http://www.wikidata.org/entity/Q120830,Stefan Glarner,
http://www.wikidata.org/entity/Q121038,Jörg Bode,
http://www.wikidata.org/entity/Q121213,Urs Althaus,
http://www.wikidata.org/entity/Q121403,Luke Wilkshire,
http://www.wikidata.org/entity/Q121423,Sascha Burchert,
http://www.wikidata.org/entity/Q121639,Cheick Fantamady Diarra,CFDiarra
http://www.wikidata.org/entity/Q121685,Hannes Schmidhauser,
http://www.wikidata.org/entity/Q121777,Wolfgang Euteneuer,
http://www.wikidata.org/entity/Q121798,Karl-Heinz Handschuh,
http://www.wikidata.org/entity/Q121804,Vladimir Dimitrijević,
http://www.wikidata.org/entity/Q121913,Emil Görlitz,
http://www.wikidata.org/entity/Q122003,Julio Iglesias,julioiglesias
http://www.wikidata.org/entity/Q122003,Julio Iglesias,JulioIglesias
http://www.wikidata.org/entity/Q122025,Michael Vitzthum,
http://www.wikidata.org/entity/Q122159,Dilaver Satılmış,
http://www.wikidata.org/entity/Q122170,Dick Keith,
http://www.wikidata.org/entity/Q122198,Alex Wilkinson,alexwilkinson84
http://www.wikidata.org/entity/Q122257,Jürgen Jendrossek,
http://www.wikidata.org/entity/Q122261,Joël Mall,
http://www.wikidata.org/entity/Q122294,Angelo Di Livio,
http://www.wikidata.org/entity/Q122300,Frederic Löhe,
http://www.wikidata.org/entity/Q122329,Rafael Alkorta,
http://www.wikidata.org/entity/Q122341,Marco Streller,
http://www.wikidata.org/entity/Q122346,Hakan Yakın,
http://www.wikidata.org/entity/Q122350,Ludovic Magnin,
http://www.wikidata.org/entity/Q122354,Diego Benaglio,
http://www.wikidata.org/entity/Q122505,Urs Güntensperger,
http://www.wikidata.org/entity/Q122565,Martin Dausch,
http://www.wikidata.org/entity/Q122749,José Antonio Patlán,
http://www.wikidata.org/entity/Q122798,Alan McInally,
http://www.wikidata.org/entity/Q122820,Rudi Faßnacht,
http://www.wikidata.org/entity/Q122887,Rainer Schütterle,
http://www.wikidata.org/entity/Q122905,Zózimo,
http://www.wikidata.org/entity/Q123027,Marcus Ziegler,
http://www.wikidata.org/entity/Q123073,Yannis Skondras,
http://www.wikidata.org/entity/Q123118,Raymond Kopa,
http://www.wikidata.org/entity/Q123126,Daniel Thioune,
http://www.wikidata.org/entity/Q123435,Hermann Ohlicher,
http://www.wikidata.org/entity/Q123447,Karl Rappan,
http://www.wikidata.org/entity/Q123500,Willy Busch,
http://www.wikidata.org/entity/Q123566,Sascha Licht,
http://www.wikidata.org/entity/Q123576,Leandro Salino,
http://www.wikidata.org/entity/Q123736,Yusuf Kasal,
http://www.wikidata.org/entity/Q123813,Hernán Cristante,
http://www.wikidata.org/entity/Q123844,Carsten Sträßer,
http://www.wikidata.org/entity/Q123937,Vladimir Petković,
http://www.wikidata.org/entity/Q124043,Wynton Rufer,
http://www.wikidata.org/entity/Q124086,Wesley Sneijder,sneijder101010
http://www.wikidata.org/entity/Q124130,Wolfgang Abraham,
http://www.wikidata.org/entity/Q124153,Olaf Schmäler,
http://www.wikidata.org/entity/Q124169,Kurt Röthlisberger,
http://www.wikidata.org/entity/Q124201,Sébastien Fournier,
http://www.wikidata.org/entity/Q124495,Jimmy Armfield,
http://www.wikidata.org/entity/Q124587,Joey Gibbs,
http://www.wikidata.org/entity/Q124608,Papakouli Diop,
http://www.wikidata.org/entity/Q124632,Alain Gaspoz,
http://www.wikidata.org/entity/Q124805,Martin Andermatt,
http://www.wikidata.org/entity/Q124853,David Johnson,
http://www.wikidata.org/entity/Q124874,Per Olsson,
http://www.wikidata.org/entity/Q124906,Alexander Strehmel,
http://www.wikidata.org/entity/Q125063,Paulo Silas,
http://www.wikidata.org/entity/Q125115,Michael Turnbull,
http://www.wikidata.org/entity/Q125262,Raúl Cárdenas,
http://www.wikidata.org/entity/Q125369,William Foulke,
http://www.wikidata.org/entity/Q125410,Carlos Cuéllar,Cuellar24
http://www.wikidata.org/entity/Q125438,Massimo Oddo,
http://www.wikidata.org/entity/Q125460,Simon Mignolet,SMignolet
http://www.wikidata.org/entity/Q125491,Eckehard Feigenspan,
http://www.wikidata.org/entity/Q125538,Titus Bramble,
http://www.wikidata.org/entity/Q125610,Josico,
http://www.wikidata.org/entity/Q125669,Stéphane Guivarc'h,
http://www.wikidata.org/entity/Q125796,Winston Bogarde,WinstonBogarde5
http://www.wikidata.org/entity/Q125860,Jaime Ramírez,
http://www.wikidata.org/entity/Q125945,Sergi Gómez,gomez_sergi
http://www.wikidata.org/entity/Q126001,Viktor Skrypnyk,
http://www.wikidata.org/entity/Q126014,Giacomo Facchini,
http://www.wikidata.org/entity/Q126030,Jan Sobol,
http://www.wikidata.org/entity/Q126086,Antonio Salazar,
http://www.wikidata.org/entity/Q126104,Ricardo van Rhijn,
http://www.wikidata.org/entity/Q126137,Ian Holloway,
http://www.wikidata.org/entity/Q126181,Fraizer Campbell,
